{
  "__type__": "cc.SpriteFrame",
  "content": {
    "name": "icon_blow_connector_small",
    "atlas": "",
    "rect": {
      "x": 1,
      "y": 6,
      "width": 58,
      "height": 48
    },
    "offset": {
      "x": 0,
      "y": 0
    },
    "originalSize": {
      "width": 60,
      "height": 60
    },
    "rotated": false,
    "capInsets": [
      0,
      0,
      0,
      0
    ],
    "vertices": {
      "rawPosition": [
        -29,
        -24,
        0,
        29,
        -24,
        0,
        -29,
        24,
        0,
        29,
        24,
        0
      ],
      "indexes": [
        0,
        1,
        2,
        2,
        1,
        3
      ],
      "uv": [
        1,
        54,
        59,
        54,
        1,
        6,
        59,
        6
      ],
      "nuv": [
        0.016666666666666666,
        0.1,
        0.9833333333333333,
        0.1,
        0.016666666666666666,
        0.9,
        0.9833333333333333,
        0.9
      ],
      "minPos": {
        "x": -29,
        "y": -24,
        "z": 0
      },
      "maxPos": {
        "x": 29,
        "y": 24,
        "z": 0
      }
    },
    "texture": "49015e1a-e740-451f-8386-791ffb8ab08c@6c48a",
    "packable": true,
    "pixelsToUnit": 100,
    "pivot": {
      "x": 0.5,
      "y": 0.5
    },
    "meshType": 0
  }
}