{
  "__type__": "cc.SpriteFrame",
  "content": {
    "name": "IconManager",
    "atlas": "",
    "rect": {
      "x": 5,
      "y": 0,
      "width": 168,
      "height": 188
    },
    "offset": {
      "x": 0.5,
      "y": 0
    },
    "originalSize": {
      "width": 177,
      "height": 188
    },
    "rotated": false,
    "capInsets": [
      0,
      0,
      0,
      0
    ],
    "vertices": {
      "rawPosition": [
        -84,
        -94,
        0,
        84,
        -94,
        0,
        -84,
        94,
        0,
        84,
        94,
        0
      ],
      "indexes": [
        0,
        1,
        2,
        2,
        1,
        3
      ],
      "uv": [
        5,
        188,
        173,
        188,
        5,
        0,
        173,
        0
      ],
      "nuv": [
        0.02824858757062147,
        0,
        0.9774011299435028,
        0,
        0.02824858757062147,
        1,
        0.9774011299435028,
        1
      ],
      "minPos": {
        "x": -84,
        "y": -94,
        "z": 0
      },
      "maxPos": {
        "x": 84,
        "y": 94,
        "z": 0
      }
    },
    "texture": "ac9bb448-d186-463a-8868-be3f93909803@6c48a",
    "packable": true,
    "pixelsToUnit": 100,
    "pivot": {
      "x": 0.5,
      "y": 0.5
    },
    "meshType": 0
  }
}