{
  "__type__": "cc.SpriteFrame",
  "content": {
    "name": "blueprint_1000_579",
    "atlas": "",
    "rect": {
      "x": 13,
      "y": 5,
      "width": 978,
      "height": 572
    },
    "offset": {
      "x": 2,
      "y": -1.5
    },
    "originalSize": {
      "width": 1000,
      "height": 579
    },
    "rotated": false,
    "capInsets": [
      0,
      0,
      0,
      0
    ],
    "vertices": {
      "rawPosition": [
        -489,
        -286,
        0,
        489,
        -286,
        0,
        -489,
        286,
        0,
        489,
        286,
        0
      ],
      "indexes": [
        0,
        1,
        2,
        2,
        1,
        3
      ],
      "uv": [
        13,
        574,
        991,
        574,
        13,
        2,
        991,
        2
      ],
      "nuv": [
        0.013,
        0.0034542314335060447,
        0.991,
        0.0034542314335060447,
        0.013,
        0.9913644214162349,
        0.991,
        0.9913644214162349
      ],
      "minPos": {
        "x": -489,
        "y": -286,
        "z": 0
      },
      "maxPos": {
        "x": 489,
        "y": 286,
        "z": 0
      }
    },
    "texture": "19340774-a3dd-4e59-a3c1-7d80a6044e59@6c48a",
    "packable": true,
    "pixelsToUnit": 100,
    "pivot": {
      "x": 0.5,
      "y": 0.5
    },
    "meshType": 0
  }
}