{
  "__type__": "cc.SpriteFrame",
  "content": {
    "name": "icon_blow",
    "atlas": "",
    "rect": {
      "x": 1,
      "y": 0,
      "width": 147,
      "height": 169
    },
    "offset": {
      "x": -0.5,
      "y": 0
    },
    "originalSize": {
      "width": 150,
      "height": 169
    },
    "rotated": false,
    "capInsets": [
      0,
      0,
      0,
      0
    ],
    "vertices": {
      "rawPosition": [
        -73.5,
        -84.5,
        0,
        73.5,
        -84.5,
        0,
        -73.5,
        84.5,
        0,
        73.5,
        84.5,
        0
      ],
      "indexes": [
        0,
        1,
        2,
        2,
        1,
        3
      ],
      "uv": [
        1,
        169,
        148,
        169,
        1,
        0,
        148,
        0
      ],
      "nuv": [
        0.006666666666666667,
        0,
        0.9866666666666667,
        0,
        0.006666666666666667,
        1,
        0.9866666666666667,
        1
      ],
      "minPos": {
        "x": -73.5,
        "y": -84.5,
        "z": 0
      },
      "maxPos": {
        "x": 73.5,
        "y": 84.5,
        "z": 0
      }
    },
    "texture": "26cd1a58-8647-4184-9282-624fac150707@6c48a",
    "packable": true,
    "pixelsToUnit": 100,
    "pivot": {
      "x": 0.5,
      "y": 0.5
    },
    "meshType": 0
  }
}