{
  "__type__": "cc.SpriteFrame",
  "content": {
    "name": "detonator_icon_triangle",
    "atlas": "",
    "rect": {
      "x": 8,
      "y": 3,
      "width": 111,
      "height": 107
    },
    "offset": {
      "x": 0,
      "y": 7
    },
    "originalSize": {
      "width": 127,
      "height": 127
    },
    "rotated": false,
    "capInsets": [
      0,
      0,
      0,
      0
    ],
    "vertices": {
      "rawPosition": [
        -55.5,
        -53.5,
        0,
        55.5,
        -53.5,
        0,
        -55.5,
        53.5,
        0,
        55.5,
        53.5,
        0
      ],
      "indexes": [
        0,
        1,
        2,
        2,
        1,
        3
      ],
      "uv": [
        8,
        124,
        119,
        124,
        8,
        17,
        119,
        17
      ],
      "nuv": [
        0.06299212598425197,
        0.13385826771653545,
        0.937007874015748,
        0.13385826771653545,
        0.06299212598425197,
        0.9763779527559056,
        0.937007874015748,
        0.9763779527559056
      ],
      "minPos": {
        "x": -55.5,
        "y": -53.5,
        "z": 0
      },
      "maxPos": {
        "x": 55.5,
        "y": 53.5,
        "z": 0
      }
    },
    "texture": "77889dd7-6417-46bd-9c0a-f7d59bd83b75@6c48a",
    "packable": true,
    "pixelsToUnit": 100,
    "pivot": {
      "x": 0.5,
      "y": 0.5
    },
    "meshType": 0
  }
}