{
  "__type__": "cc.SpriteFrame",
  "content": {
    "name": "icon_blow_connectorl",
    "atlas": "",
    "rect": {
      "x": 3,
      "y": 11,
      "width": 104,
      "height": 88
    },
    "offset": {
      "x": 0,
      "y": 0
    },
    "originalSize": {
      "width": 110,
      "height": 110
    },
    "rotated": false,
    "capInsets": [
      0,
      0,
      0,
      0
    ],
    "vertices": {
      "rawPosition": [
        -52,
        -44,
        0,
        52,
        -44,
        0,
        -52,
        44,
        0,
        52,
        44,
        0
      ],
      "indexes": [
        0,
        1,
        2,
        2,
        1,
        3
      ],
      "uv": [
        3,
        99,
        107,
        99,
        3,
        11,
        107,
        11
      ],
      "nuv": [
        0.02727272727272727,
        0.1,
        0.9727272727272728,
        0.1,
        0.02727272727272727,
        0.9,
        0.9727272727272728,
        0.9
      ],
      "minPos": {
        "x": -52,
        "y": -44,
        "z": 0
      },
      "maxPos": {
        "x": 52,
        "y": 44,
        "z": 0
      }
    },
    "texture": "819ba318-0830-469f-be71-1cc7689ea8dc@6c48a",
    "packable": true,
    "pixelsToUnit": 100,
    "pivot": {
      "x": 0.5,
      "y": 0.5
    },
    "meshType": 0
  }
}