{
  "__type__": "cc.SpriteFrame",
  "content": {
    "name": "ItemsPanel",
    "atlas": "",
    "rect": {
      "x": 12,
      "y": 7,
      "width": 422,
      "height": 563
    },
    "offset": {
      "x": 1,
      "y": 2
    },
    "originalSize": {
      "width": 444,
      "height": 581
    },
    "rotated": false,
    "capInsets": [
      0,
      0,
      0,
      0
    ],
    "vertices": {
      "rawPosition": [
        -211,
        -281.5,
        0,
        211,
        -281.5,
        0,
        -211,
        281.5,
        0,
        211,
        281.5,
        0
      ],
      "indexes": [
        0,
        1,
        2,
        2,
        1,
        3
      ],
      "uv": [
        12,
        574,
        434,
        574,
        12,
        11,
        434,
        11
      ],
      "nuv": [
        0.02702702702702703,
        0.0189328743545611,
        0.9774774774774775,
        0.0189328743545611,
        0.02702702702702703,
        0.9879518072289156,
        0.9774774774774775,
        0.9879518072289156
      ],
      "minPos": {
        "x": -211,
        "y": -281.5,
        "z": 0
      },
      "maxPos": {
        "x": 211,
        "y": 281.5,
        "z": 0
      }
    },
    "texture": "2b491d69-b686-4ed5-a652-54f9b805a4a2@6c48a",
    "packable": true,
    "pixelsToUnit": 100,
    "pivot": {
      "x": 0.5,
      "y": 0.5
    },
    "meshType": 0
  }
}